k,bic,silhouette
3,23058.731780945607,0.14183487157307256
4,21998.704891822767,0.09588215627307689
5,21830.907899949354,0.07665907379005939
