k,bic,silhouette
3,14840.696772486841,0.03280357742340134
4,12743.984330858471,0.05378192215082706
5,11859.306228214245,0.08710818280938833
