Metric,Elastic LR,Logistic Reg.
PR-AUC,0.21613570021154055,0.22366130018344488
AUC,0.7685460122887771,0.7910355183118746
Sensitivity,0.38461538461538464,0.44970414201183434
Specificity,0.8967306694343539,0.8785677218474313
F1,0.3002309468822171,0.3173277661795407
