Metric,Elastic LR,Logistic Reg.
PR-AUC,0.21611721007037427,0.21491958269994507
AUC,0.7685582949245079,0.7873292329801052
Sensitivity,0.38461538461538464,0.5088757396449705
Specificity,0.8962117280747276,0.8469122989102231
F1,0.2995391705069124,0.31272727272727274
