Metric,Elastic LR,Logistic Reg.
PR-AUC,0.31560908745602606,0.3111663489268651
AUC,0.8352498324137576,0.8345794874439231
Sensitivity,0.8048780487804879,0.6097560975609756
Specificity,0.7251585623678647,0.8329809725158562
F1,0.3235294117647059,0.3448275862068966
