Branch,Mode,Best_Model,AUC,PR_AUC,C_Index,Brier,Recall,Specificity,Calibration_Intercept,Calibration_Slope,Threshold
BranchC,anchor_direct,Logistic Reg.,0.8415407621306656,0.33050692574763696,0.7240340304856434,0.06445334818835405,0.5609756097560976,0.8414376321353065,-0.12023435104410583,1.0277517463793857,0.14999999999999997
BranchC,anchor_plus_next_state,Elastic LR,0.8409219821585108,0.3310568659831481,0.7254519673874512,0.06772211930097698,0.6097560975609756,0.8181818181818182,3.0072802455028618,2.348922141519345,0.09
BranchC,anchor_plus_next_state_delta,Elastic LR,0.8409219821585108,0.3310568659831481,0.7254519673874512,0.06772198694924127,0.6097560975609756,0.8181818181818182,3.0071553506781212,2.348875970544984,0.09
BranchC,anchor_plus_next_state_delta_uncertainty,Elastic LR,0.8352498324137576,0.31560908745602606,0.7249202410492733,0.06760928534139522,0.8048780487804879,0.7251585623678647,4.062517765419713,2.855162173662576,0.09
BranchC,anchor_plus_next_state_delta_uncertainty_window,Elastic LR,0.8352498324137576,0.31560908745602606,0.7249202410492733,0.06760928137633027,0.8048780487804879,0.7251585623678647,4.062507591794574,2.855156832291943,0.09
