Metric,Elastic LR,Logistic Reg.
PR-AUC,0.21613782591004654,0.2210458144630836
AUC,0.7685521536066424,0.7915145411053757
Sensitivity,0.38461538461538464,0.47337278106508873
Specificity,0.8967306694343539,0.8707836014530358
F1,0.3002309468822171,0.321285140562249
