Metric,Elastic LR,Logistic Reg.
PR-AUC,0.3310568659831481,0.3168373946804126
AUC,0.8409219821585108,0.8424173670912185
Sensitivity,0.6097560975609756,0.6829268292682927
Specificity,0.8181818181818182,0.7991543340380549
F1,0.32894736842105265,0.34146341463414637
