Metric,Logistic Reg.
PR-AUC,0.30226529891230547
AUC,0.8416798960889017
Sensitivity,0.6153846153846154
Specificity,0.8412039439543332
F1,0.3592400690846287
