Metric,Elastic LR,Logistic Reg.
PR-AUC,0.31560908745602606,0.2995034689026693
AUC,0.8352498324137576,0.8360748723766307
Sensitivity,0.8048780487804879,0.6585365853658537
Specificity,0.7251585623678647,0.8435517970401691
F1,0.3235294117647059,0.38028169014084506
