Metric,Elastic LR,Logistic Reg.
PR-AUC,0.3310568659831481,0.3270463427146934
AUC,0.8409219821585108,0.8386531222606095
Sensitivity,0.6097560975609756,0.7560975609756098
Specificity,0.8181818181818182,0.7695560253699789
F1,0.32894736842105265,0.3425414364640884
