Metric,Elastic LR,Logistic Reg.
PR-AUC,0.2161348969012479,0.21489213426083417
AUC,0.7685613655834407,0.7856035226599276
Sensitivity,0.38461538461538464,0.5798816568047337
Specificity,0.8962117280747276,0.8069538142189933
F1,0.2995391705069124,0.30672926447574334
