Metric,Elastic LR,Logistic Reg.
PR-AUC,0.33389677128581446,0.3044598390614746
AUC,0.8411798071469087,0.8216882380240292
Sensitivity,0.8048780487804879,0.6585365853658537
Specificity,0.7293868921775899,0.8097251585623678
F1,0.32673267326732675,0.34177215189873417
