Metric,Elastic LR,Logistic Reg.
PR-AUC,0.333884240899628,0.30260409209341155
AUC,0.8411282421492291,0.8321559325529831
Sensitivity,0.8048780487804879,0.7317073170731707
Specificity,0.7293868921775899,0.7949260042283298
F1,0.32673267326732675,0.35714285714285715
