Metric,Logistic Reg.
PR-AUC,0.26876811596402955
AUC,0.8343732274532047
Sensitivity,0.8048780487804879
Specificity,0.758985200845666
F1,0.35106382978723405
