Metric,Elastic LR,Logistic Reg.
PR-AUC,0.2059128938552594,0.2078666640578322
AUC,0.7669247043723111,0.7838010458664325
Sensitivity,0.6094674556213018,0.5325443786982249
Specificity,0.8131811105345096,0.8448365334717177
F1,0.3259493670886076,0.3225806451612903
