Metric,Logistic Reg.
PR-AUC,0.211624913803894
AUC,0.7942781341448062
Sensitivity,0.650887573964497
Specificity,0.7768552153606643
F1,0.31029619181946405
