Metric,Elastic LR,Logistic Reg.
PR-AUC,0.33366459568858287,0.3344828258282548
AUC,0.8406641571701129,0.8402516371886763
Sensitivity,0.7804878048780488,0.7073170731707317
Specificity,0.7357293868921776,0.7801268498942917
F1,0.32323232323232326,0.3333333333333333
