Metric,Logistic Reg.
PR-AUC,0.19933596043892146
AUC,0.7823394122144672
Sensitivity,0.5384615384615384
Specificity,0.8214841722885314
F1,0.30132450331125826
