Metric,Elastic LR,Logistic Reg.
PR-AUC,0.20628753229897706,0.20641912394228312
AUC,0.7676156026321688,0.7763608392724994
Sensitivity,0.6094674556213018,0.4911242603550296
Specificity,0.8121432278152568,0.8640373637778931
F1,0.3249211356466877,0.3229571984435798
