Metric,Elastic LR
PR-AUC,0.2173305747571799
AUC,0.795632294734127
Sensitivity,0.5680473372781065
Specificity,0.826673585884795
F1,0.32053422370617696
