Metric,Elastic LR
PR-AUC,0.22047277893831346
AUC,0.7998575214255228
Sensitivity,0.5207100591715976
Specificity,0.8526206538661131
F1,0.32532347504621073
