Metric,Elastic LR
PR-AUC,0.2289921249536886
AUC,0.811393987035678
Sensitivity,0.5621301775147929
Specificity,0.8370524130773223
F1,0.328719723183391
