Metric,Logistic Reg.
PR-AUC,0.33050692574763696
AUC,0.8415407621306656
Sensitivity,0.5609756097560976
Specificity,0.8414376321353065
F1,0.33093525179856115
