Metric,Elastic LR
PR-AUC,0.24334114760359682
AUC,0.8137952423210496
Sensitivity,0.621301775147929
Specificity,0.813700051894136
F1,0.33175355450236965
