Metric,Elastic LR
PR-AUC,0.3492956257296246
AUC,0.8473676068684577
Sensitivity,0.7073170731707317
Specificity,0.8202959830866807
F1,0.3741935483870968
