Metric,Elastic LR
PR-AUC,0.26193121837958794
AUC,0.8394265972258032
Sensitivity,0.6097560975609756
Specificity,0.86892177589852
F1,0.390625
