Metric,Elastic LR
PR-AUC,0.21989567662741058
AUC,0.7997899669290034
Sensitivity,0.514792899408284
Specificity,0.8500259470679813
F1,0.3192660550458716
