Metric,Elastic LR
PR-AUC,0.21740084389683487
AUC,0.7956476480287904
Sensitivity,0.5680473372781065
Specificity,0.826673585884795
F1,0.32053422370617696
