Metric,Elastic LR
PR-AUC,0.21833785642133247
AUC,0.7991543405299344
Sensitivity,0.5680473372781065
Specificity,0.8235599377270368
F1,0.31735537190082647
