Metric,Elastic LR
PR-AUC,0.23348257757589277
AUC,0.8000540435972155
Sensitivity,0.6035502958579881
Specificity,0.8194084068500259
F1,0.3295638126009693
