Metric,Elastic LR
PR-AUC,0.23485266630206325
AUC,0.7999987717364269
Sensitivity,0.5088757396449705
Specificity,0.8624805396990141
F1,0.33076923076923076
