Metric,Elastic LR
PR-AUC,0.33195445813971186
AUC,0.843190842056412
Sensitivity,0.7073170731707317
Specificity,0.7906976744186046
F1,0.3431952662721893
