Metric,Elastic LR
PR-AUC,0.22746964979697346
AUC,0.8108842576528498
Sensitivity,0.6153846153846154
Specificity,0.8116242864556306
F1,0.3270440251572327
