Metric,Elastic LR
PR-AUC,0.20086975564508705
AUC,0.7749329828687939
Sensitivity,0.48520710059171596
Specificity,0.8583290088220031
F1,0.31297709923664124
