Metric,Elastic LR
PR-AUC,0.2257434788089159
AUC,0.8120357547526122
Sensitivity,0.6035502958579881
Specificity,0.8168137000518941
F1,0.3269230769230769
