Metric,Elastic LR
PR-AUC,0.22791843034484502
AUC,0.8124380110727961
Sensitivity,0.5562130177514792
Specificity,0.8417228853139596
F1,0.33098591549295775
