Metric,Elastic LR
PR-AUC,0.21762430532683047
AUC,0.7903354080752188
Sensitivity,0.514792899408284
Specificity,0.8432797093928386
F1,0.3118279569892473
