Metric,Elastic LR
PR-AUC,0.270547021173496
AUC,0.8471097818800598
Sensitivity,0.7073170731707317
Specificity,0.8033826638477801
F1,0.3558282208588957
