Metric,Elastic LR
PR-AUC,0.2571933971779832
AUC,0.8024368749289911
Sensitivity,0.5325443786982249
Specificity,0.8661131292163985
F1,0.3481624758220503
