Metric,Elastic LR
PR-AUC,0.2653718278995405
AUC,0.8408704171608312
Sensitivity,0.7560975609756098
Specificity,0.7843551797040169
F1,0.3563218390804598
