Aggregation,Threshold,AUC,PR_AUC,Brier,Recall,Specificity,Calibration_Intercept,Calibration_Slope
Product_AnyRisk,0.26000000000000006,0.7330623306233063,0.41363188190109446,0.15636284240382192,0.6388888888888888,0.6341463414634146,0.055453068084381475,1.1964873405199434
Max_Interval_Risk,0.13,0.7737127371273713,0.5033898073991185,0.15776133282018648,0.9722222222222222,0.44715447154471544,1.871241737749171,1.9997992085286238
Mean_Interval_Risk,0.09000000000000001,0.8313008130081301,0.6529348117298699,0.1646080191346243,0.7222222222222222,0.7398373983739838,3.5875548136028197,2.170268538493509
