Metric,Elastic LR
PR-AUC,0.34843802167972504
AUC,0.849894291754757
Sensitivity,0.6829268292682927
Specificity,0.8224101479915433
F1,0.3660130718954248
