Group,Best_Model,AUC,PR_AUC,C_Index,Brier,Calibration_Intercept,Calibration_Slope,Threshold
direct_anchor_ref,Logistic Reg.,0.8415407621306656,0.33050692574763696,0.7240340304856434,0.06445334818835405,-0.12023435104410583,1.0277517463793857,0.14999999999999997
current_champion_ref,Elastic LR,0.849894291754757,0.34843802167972504,0.7589507266926622,0.06309070447408889,0.7415939890941972,1.4656652698149466,0.14999999999999997
champion_sidecar_calibrated,Elastic LR,0.8473676068684577,0.3492956257296246,0.7552286423254165,0.06331066054476522,0.8194700947334744,1.5021593880644555,0.14999999999999997
direct_windowed_core,Elastic LR,0.8518021966689011,0.3459456515269599,0.7632045373980858,0.06279933939235843,0.6537327153909721,1.4298546980620106,0.13999999999999999
direct_windowed_core_plus_champion_calibrated,Elastic LR,0.8487082968081268,0.3512269429351875,0.7557603686635944,0.06326268468702605,0.8492765464234782,1.5184821195636828,0.13999999999999999
stage1_nonhyper_scope_plus_champion_calibrated,Elastic LR,0.843190842056412,0.33195445813971186,0.7438851471109535,0.06349738577235095,0.6749319672603804,1.4416498177425587,0.13999999999999999
monotonic_tree_direct_plus_champion_calibrated,Elastic LR,0.8471097818800598,0.270547021173496,0.771357674583481,0.06433289941604323,0.9576678129708216,1.6413744789932128,0.14999999999999997
direct_windowed_core_plus_champion_calibrated_plus_rule_sidecar,Elastic LR,0.8408704171608312,0.2653718278995405,0.7603686635944701,0.06493204416679565,0.24746045070596104,1.2200762016800855,0.12999999999999998
