Metric,Elastic LR
PR-AUC,0.24688324968078204
AUC,0.814366384882532
Sensitivity,0.5502958579881657
Specificity,0.8484691229891023
F1,0.33574007220216606
