Metric,Elastic LR
PR-AUC,0.25523976662088504
AUC,0.8124779296389213
Sensitivity,0.6331360946745562
Specificity,0.8126621691748832
F1,0.3359497645211931
