Metric,Elastic LR
PR-AUC,0.22897796071663987
AUC,0.8114062696714087
Sensitivity,0.5621301775147929
Specificity,0.8370524130773223
F1,0.328719723183391
