Metric,Elastic LR
PR-AUC,0.28755850326567817
AUC,0.8274412506179701
Sensitivity,0.650887573964497
Specificity,0.8121432278152568
F1,0.34321372854914195
