Metric,Elastic LR
PR-AUC,0.3325414529927026
AUC,0.8442737070076831
Sensitivity,0.6585365853658537
Specificity,0.8308668076109936
F1,0.36486486486486486
