k,bic,silhouette
3,26148.387123362536,0.06428019849708273
4,25466.293388915758,0.07653009630275956
5,24331.92582454156,0.07524002249093596
