k,bic,silhouette
3,15037.205305503297,0.14032101650622641
4,12817.945654186733,0.05891724391105425
5,12527.829379362129,0.06119642616318953
