Level,Metric,Value,CI_95
Interval,AUC,0.8488114268034858,"[0.798, 0.899]"
Interval,PR_AUC,0.3474193377478844,"[0.225, 0.497]"
Interval,Brier,0.06293787293550851,"[0.045, 0.080]"
Interval,Recall,0.7073170731707317,"[0.581, 0.852]"
Interval,Specificity,0.8160676532769556,"[0.784, 0.846]"
Interval,Calibration_Intercept,0.7942380918584107,"[0.040, 1.629]"
Interval,Calibration_Slope,1.5107323446248482,"[1.150, 2.097]"
Interval,Threshold,0.14999999999999997,
