Group,Model,CV_PR_AUC,AUC,PR_AUC,C_Index,Brier,Recall,Specificity,F1,Calibration_Intercept,Calibration_Slope,Threshold,Best_Params,Physio_Group,Direct_Source,Physio_Source,Fusion_Template
direct_plus_physio_fusion,Elastic LR,0.24866019991021202,0.8509255917083485,0.3501424998328119,0.7616093583835519,0.06303513094206555,0.6829268292682927,0.8224101479915433,0.3660130718954248,0.7447738628045296,1.4680530253572284,0.14999999999999997,"{'lr__l1_ratio': 0.9, 'lr__C': 0.05}",predicted_only_state_rule,Logistic Reg.,Logistic Reg.,both_windowed
direct_plus_physio_fusion,Elastic LR,0.24890464274958402,0.8476254318568556,0.3459844123355443,0.7585962424672102,0.06337456655015129,0.7073170731707317,0.8245243128964059,0.3790849673202614,0.9927636772545194,1.5996234961742781,0.14999999999999997,"{'lr__l1_ratio': 0.9, 'lr__C': 0.05}",predicted_only_state_only,Logistic Reg.,Elastic LR,both_windowed
direct_plus_physio_fusion,Logistic Reg.,0.2532503978435872,0.8427783220749755,0.3318555434632727,0.727933356965615,0.0677124979415914,0.8536585365853658,0.678646934460888,0.30701754385964913,4.938078244628949,3.292931053786096,0.09,"{'lr__solver': 'saga', 'lr__penalty': 'l1', 'lr__C': 0.01}",predicted_only_state_rule,Logistic Reg.,Logistic Reg.,base
direct_plus_physio_fusion,Logistic Reg.,0.25368580480640657,0.8415407621306656,0.33050692574763696,0.7240340304856434,0.06766390399129615,0.8292682926829268,0.6976744186046512,0.3119266055045872,4.590330615903783,3.106940056208517,0.09,"{'lr__solver': 'saga', 'lr__penalty': 'l1', 'lr__C': 0.01}",predicted_only_state_delta,Logistic Reg.,Elastic LR,both_windowed
direct_plus_physio_fusion,Logistic Reg.,0.25368580480640657,0.8415407621306656,0.33050692574763696,0.7240340304856434,0.06766487986747698,0.8292682926829268,0.6976744186046512,0.3119266055045872,4.591648384161728,3.1074334369113967,0.09,"{'lr__solver': 'saga', 'lr__penalty': 'l1', 'lr__C': 0.01}",predicted_only_state_only,Logistic Reg.,Elastic LR,base
direct_plus_physio_fusion,Logistic Reg.,0.25368580480640657,0.8415407621306656,0.33050692574763696,0.7240340304856434,0.06766489507090555,0.8292682926829268,0.6976744186046512,0.3119266055045872,4.591669804338774,3.107442181463237,0.09,"{'lr__solver': 'saga', 'lr__penalty': 'l1', 'lr__C': 0.01}",predicted_only_state_delta,Logistic Reg.,Elastic LR,base
