Aggregation,Threshold,AUC,PR_AUC,Brier,Recall,Specificity,Calibration_Intercept,Calibration_Slope
Product_AnyRisk,0.18000000000000005,0.745483288166215,0.4412091205354178,0.15391278244893114,0.9444444444444444,0.3983739837398374,0.10207120970386488,1.2926319345365873
Max_Interval_Risk,0.15000000000000002,0.7714543812104787,0.48501508687400874,0.15620751277039135,0.9444444444444444,0.5121951219512195,1.7758811728734456,1.9951126433331818
Mean_Interval_Risk,0.09000000000000001,0.8428184281842819,0.6515686485116899,0.16242268729901513,0.8055555555555556,0.7073170731707317,3.6994355471262903,2.2578045139051337
