Metric,Elastic LR
PR-AUC,0.21736535280426503
AUC,0.7995013249893295
Sensitivity,0.621301775147929
Specificity,0.809548521017125
F1,0.32761310452418096
