feature,coefficient,abs_coefficient,selected
Pred_FT3_Next,1.4287837046128418,1.4287837046128418,True
Pred_FT4_Next,-1.0315565726912854,1.0315565726912854,True
Pred_logTSH_Next,-0.52531207985213,0.52531207985213,True
