Metric,Elastic LR
PR-AUC,0.22828427855599015
AUC,0.8126867344463449
Sensitivity,0.5621301775147929
Specificity,0.8406850025947068
F1,0.3327495621716287
