Metric,Elastic LR
PR-AUC,0.21978933358102098
AUC,0.7991144219638093
Sensitivity,0.5443786982248521
Specificity,0.8443175921120913
F1,0.32798573975044565
