Metric,Elastic LR
PR-AUC,0.22450999530789545
AUC,0.8131166266969229
Sensitivity,0.6449704142011834
Specificity,0.8002075765438506
F1,0.3288084464555053
