Metric,Elastic LR
PR-AUC,0.3308500665958818
AUC,0.8481926468313309
Sensitivity,0.7073170731707317
Specificity,0.8012684989429175
F1,0.35365853658536583
