Metric,Elastic LR
PR-AUC,0.3501424998328119
AUC,0.8509255917083485
Sensitivity,0.6829268292682927
Specificity,0.8224101479915433
F1,0.3660130718954248
