Metric,Elastic LR
PR-AUC,0.33411757010103754
AUC,0.8402516371886763
Sensitivity,0.7073170731707317
Specificity,0.8033826638477801
F1,0.3558282208588957
