Metric,Elastic LR
PR-AUC,0.21774262148789433
AUC,0.7994583357642718
Sensitivity,0.6153846153846154
Specificity,0.8131811105345096
F1,0.3285939968404423
