Metric,Elastic LR
PR-AUC,0.32871286029481206
AUC,0.8478316918475738
Sensitivity,0.7073170731707317
Specificity,0.7970401691331924
F1,0.3493975903614458
