Metric,Balanced RF,Elastic LR,LightGBM,Logistic Reg.
PR-AUC,0.21620779353859482,0.23038420089769304,0.19999510666335088,0.2310583784903382
AUC,0.8090572155878929,0.812665239833816,0.7849371896715317,0.8130245069289419
Sensitivity,0.6923076923076923,0.5739644970414202,0.5029585798816568,0.5798816568047337
Specificity,0.7758173326414115,0.8412039439543332,0.8412039439543332,0.843798650752465
F1,0.32590529247910865,0.33916083916083917,0.30357142857142855,0.34507042253521125
