Metric,Elastic LR
PR-AUC,0.3301193486293128
AUC,0.8396844222142009
Sensitivity,0.6829268292682927
Specificity,0.8329809725158562
F1,0.3783783783783784
