Metric,Elastic LR
PR-AUC,0.3297813218814509
AUC,0.8425720620842572
Sensitivity,0.6585365853658537
Specificity,0.8350951374207188
F1,0.3698630136986301
