Metric,Elastic LR
PR-AUC,0.344956045078338
AUC,0.8503068117361936
Sensitivity,0.7073170731707317
Specificity,0.8224101479915433
F1,0.37662337662337664
