Metric,Elastic LR
PR-AUC,0.22373694835803082
AUC,0.80640416627004
Sensitivity,0.5384615384615384
Specificity,0.8583290088220031
F1,0.34146341463414637
