Metric,Elastic LR
PR-AUC,0.28560044354050046
AUC,0.827616278177134
Sensitivity,0.6272189349112426
Specificity,0.8287493513233005
F1,0.3504132231404959
