Metric,Elastic LR
PR-AUC,0.2436915826582879
AUC,0.8197738152630172
Sensitivity,0.650887573964497
Specificity,0.8116242864556306
F1,0.3426791277258567
