Metric,Balanced RF,Elastic LR,LightGBM,Logistic Reg.
PR-AUC,0.22952978205126898,0.32901464781474815,0.2663493918534673,0.33050692574763696
AUC,0.8288557727014902,0.8413345021399475,0.8407157221677926,0.8415407621306656
Sensitivity,0.7073170731707317,0.5609756097560976,0.6097560975609756,0.5609756097560976
Specificity,0.7991543340380549,0.8393234672304439,0.8477801268498943,0.8414376321353065
F1,0.3515151515151515,0.32857142857142857,0.36231884057971014,0.33093525179856115
