Metric,Elastic LR
PR-AUC,0.2250124865481499
AUC,0.8131596159219808
Sensitivity,0.6449704142011834
Specificity,0.7976128697457188
F1,0.3263473053892216
