Metric,Elastic LR
PR-AUC,0.22631199872983634
AUC,0.812091026613401
Sensitivity,0.5976331360946746
Specificity,0.8287493513233005
F1,0.33666666666666667
