Metric,Elastic LR
PR-AUC,0.2344227252541325
AUC,0.7943088407341331
Sensitivity,0.6331360946745562
Specificity,0.8188894654903995
F1,0.3424
