Metric,Elastic LR
PR-AUC,0.22303715200207525
AUC,0.80793949573639
Sensitivity,0.6094674556213018
Specificity,0.8297872340425532
F1,0.3433333333333333
