Metric,Elastic LR
PR-AUC,0.24010642401722257
AUC,0.8156253550449392
Sensitivity,0.5739644970414202
Specificity,0.8417228853139596
F1,0.3397548161120841
