Metric,Elastic LR
PR-AUC,0.22079510776330297
AUC,0.7996671405716953
Sensitivity,0.5266272189349113
Specificity,0.8541774779449922
F1,0.3302411873840445
