Metric,Balanced RF,Elastic LR,LightGBM,Logistic Reg.
PR-AUC,0.20459280239232286,0.19714728139448617,0.1796618385131382,0.20144768979630823
AUC,0.7866137694487859,0.7810128875555405,0.7514516540104341,0.7894203517132741
Sensitivity,0.6449704142011834,0.5325443786982249,0.6745562130177515,0.6094674556213018
Specificity,0.7612869745718733,0.8303061754021795,0.7125064867669954,0.7986507524649714
F1,0.2953929539295393,0.30716723549488056,0.2724014336917563,0.31212121212121213
