Metric,Balanced RF,Elastic LR,LightGBM,Logistic Reg.
PR-AUC,0.2252244135597725,0.29161310758568765,0.2696560823182506,0.2890619536809674
AUC,0.8217398030217089,0.8255556128499975,0.8097767235600474,0.8250399628732017
Sensitivity,0.7317073170731707,0.43902439024390244,0.7804878048780488,0.4634146341463415
Specificity,0.7526427061310782,0.8816067653276956,0.6744186046511628,0.8837209302325582
F1,0.3191489361702128,0.3130434782608696,0.28193832599118945,0.33043478260869563
