Metric,Balanced RF,Elastic LR,LightGBM,Logistic Reg.
PR-AUC,0.22613825673055984,0.3083696140242399,0.28852093348581237,0.3024218316508904
AUC,0.8223070179961842,0.8406125921724334,0.8244727478987263,0.8433971020471305
Sensitivity,0.7804878048780488,0.7073170731707317,0.7804878048780488,0.8048780487804879
Specificity,0.7399577167019028,0.7949260042283298,0.6997885835095138,0.7378435517970402
F1,0.32653061224489793,0.3473053892215569,0.29767441860465116,0.3333333333333333
