Metric,Balanced RF,Elastic LR,LightGBM,Logistic Reg.
PR-AUC,0.24594064941155896,0.2881863539375414,0.290842813764184,0.2870565682063267
AUC,0.8339091424740885,0.8205538080750786,0.8231320579590573,0.8171505182282266
Sensitivity,0.7804878048780488,0.6097560975609756,0.6829268292682927,0.5609756097560976
Specificity,0.7547568710359408,0.7864693446088795,0.7716701902748414,0.7991543340380549
F1,0.3386243386243386,0.2994011976047904,0.3163841807909605,0.2893081761006289
