Metric,Balanced RF,Elastic LR,LightGBM,Logistic Reg.
PR-AUC,0.26079228406964183,0.32252055471053437,0.25515998405003615,0.32295482462018343
AUC,0.8359717423812715,0.8256587428453566,0.8070953436807096,0.8256587428453566
Sensitivity,0.7804878048780488,0.36585365853658536,0.4634146341463415,0.34146341463414637
Specificity,0.7632135306553911,0.9281183932346723,0.8773784355179705,0.9281183932346723
F1,0.34594594594594597,0.3333333333333333,0.3220338983050847,0.3146067415730337
