Metric,Balanced RF,Elastic LR,LightGBM,Logistic Reg.
PR-AUC,0.29476144293147677,0.3551692601749857,1.0,0.3555221651427959
AUC,0.8363338788870703,0.8548683762048497,1.0,0.8547025606224841
Sensitivity,0.7692307692307693,0.6331360946745562,1.0,0.6331360946745562
Specificity,0.7467566165023353,0.8194084068500259,0.7592112091333679,0.820965230928905
F1,0.3303684879288437,0.34294871794871795,0.42144638403990026,0.3446054750402576
