Metric,Elastic LR,Logistic Reg.
PR-AUC,0.3474193377478844,0.33050692574763696
AUC,0.8488114268034858,0.8415407621306656
Sensitivity,0.7073170731707317,0.8292682926829268
Specificity,0.8160676532769556,0.6976744186046512
F1,0.36942675159235666,0.3119266055045872
