Metric,Balanced RF,Elastic LR,LightGBM,Logistic Reg.
PR-AUC,0.2218284623265333,0.3057798470044801,0.2436724780339955,0.3056001939024444
AUC,0.8232351879544165,0.8224617129892229,0.8078688186459032,0.8221007580054658
Sensitivity,0.7560975609756098,0.5365853658536586,0.6585365853658537,0.5365853658536586
Specificity,0.7357293868921776,0.8498942917547568,0.7674418604651163,0.8477801268498943
F1,0.3147208121827411,0.3283582089552239,0.30337078651685395,0.32592592592592595
