Metric,Balanced RF,Elastic LR,LightGBM,Logistic Reg.
PR-AUC,0.22069695242897497,0.2537380880921779,0.22165043715334562,0.2534362065652821
AUC,0.8003948867387453,0.8239161341632301,0.7917632644789245,0.8232590131516322
Sensitivity,0.7100591715976331,0.6686390532544378,0.6568047337278107,0.6390532544378699
Specificity,0.7742605085625325,0.8043591074208615,0.772184743124027,0.820965230928905
F1,0.3314917127071823,0.34294385432473445,0.3087621696801113,0.34726688102893893
