Metric,Balanced RF,Elastic LR,LightGBM,Logistic Reg.
PR-AUC,0.21236261757853125,0.2582628029549996,0.2217573443474356,0.25877334516972667
AUC,0.8016907048083447,0.8254698875831765,0.795939360627397,0.8258291546783024
Sensitivity,0.727810650887574,0.5325443786982249,0.5029585798816568,0.5384615384615384
Specificity,0.7514270887389725,0.8661131292163985,0.8609237156201349,0.8650752464971458
F1,0.31906614785992216,0.3481624758220503,0.32567049808429116,0.35
