Metric,Balanced RF,Elastic LR,LightGBM,Logistic Reg.
PR-AUC,0.22555380882222603,0.283656218702809,0.2390468014447669,0.28407339795421543
AUC,0.8118730098291792,0.8266183140240064,0.8012055406969781,0.8266091020472082
Sensitivity,0.7218934911242604,0.378698224852071,0.4378698224852071,0.378698224852071
Specificity,0.7638816813700052,0.9382459782044629,0.8899844317592112,0.9377270368448365
F1,0.32707774798927614,0.36363636363636365,0.3252747252747253,0.3626062322946176
