Metric,Balanced RF,Elastic LR,LightGBM,Logistic Reg.
PR-AUC,0.33417239353513445,0.35537255055244216,1.0,0.3560053411108981
AUC,0.856465118849854,0.8533361173974323,1.0,0.853326905420634
Sensitivity,0.7751479289940828,0.5443786982248521,1.0,0.5443786982248521
Specificity,0.7612869745718733,0.8692267773741568,0.9512195121951219,0.869745718733783
F1,0.3447368421052632,0.3586744639376218,0.7824074074074074,0.359375
