Metric,Elastic LR,Logistic Reg.
PR-AUC,0.3501424998328119,0.3318555434632727
AUC,0.8509255917083485,0.8427783220749755
Sensitivity,0.6829268292682927,0.8536585365853658
Specificity,0.8224101479915433,0.678646934460888
F1,0.3660130718954248,0.30701754385964913
