Metric,Balanced RF,Elastic LR,LightGBM,Logistic Reg.
PR-AUC,0.2370969154423967,0.30086522113362657,0.2225320064718453,0.30085858617836914
AUC,0.8255040478523179,0.8247305728871243,0.8018357139173928,0.8247821378848038
Sensitivity,0.7804878048780488,0.2682926829268293,0.4634146341463415,0.2682926829268293
Specificity,0.7547568710359408,0.9260042283298098,0.8710359408033826,0.9260042283298098
F1,0.3386243386243386,0.25287356321839083,0.3140495867768595,0.25287356321839083
