Metric,Balanced RF,Elastic LR,LightGBM,Logistic Reg.
PR-AUC,0.2118864275549399,0.20683148217799258,0.19912675594535895,0.20461472300482086
AUC,0.7874520593374131,0.7827754457829107,0.7534936422006799,0.7851859130450805
Sensitivity,0.5443786982248521,0.5207100591715976,0.6568047337278107,0.5443786982248521
Specificity,0.8053969901401141,0.8303061754021795,0.7166580176440063,0.8277114686040478
F1,0.2893081761006289,0.3013698630136986,0.2687651331719128,0.3102866779089376
