Metric,Balanced RF,Elastic LR,LightGBM,Logistic Reg.
PR-AUC,0.21113444096046546,0.21330256875792789,0.18671849800133894,0.21430168903153554
AUC,0.7977080601726325,0.7853609406042443,0.7524096995974365,0.7852258316112054
Sensitivity,0.6982248520710059,0.6745562130177515,0.6390532544378699,0.46153846153846156
Specificity,0.7441619097042034,0.7612869745718733,0.7218474312402698,0.8640373637778931
F1,0.30256410256410254,0.30686406460296095,0.2656826568265683,0.30648330058939094
