Metric,Balanced RF,Elastic LR,LightGBM,Logistic Reg.
PR-AUC,0.21815998692869853,0.25989592828930985,0.2082652676843927,0.2601121847141833
AUC,0.8064747914254919,0.8154349741911117,0.760276727783015,0.8161013071795076
Sensitivity,0.6804733727810651,0.40828402366863903,0.3905325443786982,0.4319526627218935
Specificity,0.7706279190451479,0.9206019719771665,0.8972496107939802,0.9086663207057603
F1,0.3168044077134986,0.35294117647058826,0.30484988452655887,0.3492822966507177
