Metric,Balanced RF,Elastic LR,LightGBM,Logistic Reg.
PR-AUC,0.27378536946697263,0.30242147437479766,0.22942862967848285,0.29890610185455907
AUC,0.8211210230495539,0.8333934924972928,0.7888928994998194,0.8325684525344196
Sensitivity,0.8536585365853658,0.8292682926829268,0.8048780487804879,0.6829268292682927
Specificity,0.6976744186046512,0.7019027484143763,0.6596194503171248,0.813953488372093
F1,0.319634703196347,0.3148148148148148,0.28085106382978725,0.35668789808917195
