Metric,Balanced RF,Elastic LR,LightGBM,Logistic Reg.
PR-AUC,0.24106508090694898,0.305938111402605,0.2856285606617548,0.30550979834028963
AUC,0.833857577476409,0.8262259578198319,0.8204506780797195,0.8249368328778425
Sensitivity,0.7804878048780488,0.5609756097560976,0.7804878048780488,0.5609756097560976
Specificity,0.7378435517970402,0.8033826638477801,0.7019027484143763,0.8033826638477801
F1,0.3248730964467005,0.2929936305732484,0.29906542056074764,0.2929936305732484
