Metric,Balanced RF,Elastic LR,LightGBM,Logistic Reg.
PR-AUC,0.22884765863098047,0.27144444017603436,0.2215558892981099,0.2716889510844714
AUC,0.8191099881400505,0.8124065384417057,0.8102408085391636,0.8121487134533079
Sensitivity,0.7560975609756098,0.3902439024390244,0.6829268292682927,0.3902439024390244
Specificity,0.7399577167019028,0.864693446088795,0.7949260042283298,0.864693446088795
F1,0.31794871794871793,0.2644628099173554,0.3373493975903614,0.2644628099173554
