Metric,Balanced RF,Elastic LR,LightGBM,Logistic Reg.
PR-AUC,0.2102199602585537,0.25772217985069973,0.20928003561286593,0.2584227657858276
AUC,0.7972382493559294,0.824358309049539,0.7807610935230591,0.8242539066458271
Sensitivity,0.7455621301775148,0.6331360946745562,0.6686390532544378,0.6390532544378699
Specificity,0.7436429683445771,0.8230409963674105,0.7612869745718733,0.8240788790866632
F1,0.3193916349809886,0.34683954619124796,0.3045822102425876,0.35064935064935066
