Metric,Elastic LR,Logistic Reg.
PR-AUC,0.21583099588280488,0.21283308565024478
AUC,0.7927458753373886,0.7918062537039824
Sensitivity,0.5207100591715976,0.46153846153846156
Specificity,0.8432797093928386,0.8629994810586403
F1,0.3148479427549195,0.30528375733855184
