Metric,Balanced RF,Elastic LR,LightGBM,Logistic Reg.
PR-AUC,0.2213945588525277,0.27503062205258116,0.22629537067372898,0.27507093075653527
AUC,0.807500391509014,0.825936627740947,0.7900498367944777,0.8257339642513887
Sensitivity,0.7041420118343196,0.5088757396449705,0.7100591715976331,0.5088757396449705
Specificity,0.7618059159314997,0.8847950181629476,0.7285936689154126,0.8842760768033212
F1,0.31860776439089694,0.36058700209643607,0.2955665024630542,0.3598326359832636
