Metric,Balanced RF,Elastic LR,LightGBM,Logistic Reg.
PR-AUC,0.3680008863940126,0.3791130719322712,1.0,0.3790858402121852
AUC,0.86460236502151,0.8561181343904589,1.0,0.8560782158243339
Sensitivity,0.8047337278106509,0.5798816568047337,1.0,0.5798816568047337
Specificity,0.7581733264141152,0.879605604566684,0.8588479501816295,0.8806434872859367
F1,0.3527885862516213,0.3927855711422846,0.5540983606557377,0.39436619718309857
