Metric,Elastic LR,Logistic Reg.
PR-AUC,0.22079510776330297,0.20977670024656758
AUC,0.7996671405716953,0.7907407350543352
Sensitivity,0.5266272189349113,0.47337278106508873
Specificity,0.8541774779449922,0.8521017125064868
F1,0.3302411873840445,0.299625468164794
