Metric,Balanced RF,Elastic LR,LightGBM,Logistic Reg.
PR-AUC,0.2265927923221039,0.2743342792964055,0.23143010491105165,0.2742170917918559
AUC,0.8154165502375155,0.8256019259172825,0.8062444920055395,0.8254146157223878
Sensitivity,0.757396449704142,0.5857988165680473,0.6568047337278107,0.591715976331361
Specificity,0.7498702646600934,0.8458744161909704,0.8012454592631033,0.8469122989102231
F1,0.3286264441591784,0.3504424778761062,0.334841628959276,0.3546099290780142
