Metric,Balanced RF,Elastic LR,LightGBM,Logistic Reg.
PR-AUC,0.2478914810789463,0.3249198736302173,0.26217236178095593,0.32433255016535023
AUC,0.8357654823905533,0.8233898829474553,0.8203475480843603,0.8227711029753004
Sensitivity,0.7560975609756098,0.4878048780487805,0.5609756097560976,0.4878048780487805
Specificity,0.7526427061310782,0.8710359408033826,0.8752642706131079,0.8710359408033826
F1,0.328042328042328,0.32786885245901637,0.37398373983739835,0.32786885245901637
