Metric,Elastic LR,Logistic Reg.
PR-AUC,0.22828427855599015,0.23052868874820842
AUC,0.8126867344463449,0.8126376039034217
Sensitivity,0.5621301775147929,0.8106508875739645
Specificity,0.8406850025947068,0.6813700051894136
F1,0.3327495621716287,0.29782608695652174
