Metric,Balanced RF,Elastic LR,LightGBM,Logistic Reg.
PR-AUC,0.23506731832005245,0.2471968732856783,0.23596788262274998,0.24727497941886029
AUC,0.8288042077038107,0.7780642499871088,0.8114268034857939,0.7781158149847884
Sensitivity,0.7804878048780488,0.21951219512195122,0.5853658536585366,0.2926829268292683
Specificity,0.758985200845666,0.9069767441860465,0.8435517970401691,0.8964059196617337
F1,0.3422459893048128,0.19148936170212766,0.34532374100719426,0.23529411764705882
