Metric,Balanced RF,Elastic LR,LightGBM,Logistic Reg.
PR-AUC,0.20486484635097021,0.26780702955097624,0.19817767003659126,0.25552473136892445
AUC,0.7931727943072242,0.8194709431238076,0.7765173000567216,0.8272056927757439
Sensitivity,0.5853658536585366,0.8048780487804879,0.7560975609756098,0.6829268292682927
Specificity,0.7758985200845666,0.7040169133192389,0.6659619450317125,0.773784355179704
F1,0.2807017543859649,0.308411214953271,0.26956521739130435,0.3181818181818182
