Metric,Balanced RF,Elastic LR,LightGBM,Logistic Reg.
PR-AUC,0.26575126846552904,0.3491371298954249,1.0,0.3495450112345676
AUC,0.8333399864276876,0.8514568741306197,1.0,0.8513831783162349
Sensitivity,0.7455621301775148,0.4260355029585799,1.0,0.4260355029585799
Specificity,0.7649195640892579,0.9309807991696938,0.9896211728074727,0.9304618578100675
F1,0.33689839572192515,0.3850267379679144,0.9441340782122905,0.384
