Metric,Balanced RF,Elastic LR,LightGBM,Logistic Reg.
PR-AUC,0.22175162977595633,0.27608864176257664,0.23702029260001492,0.27668468370181765
AUC,0.8091124874486817,0.8259581223534759,0.789288313379168,0.8258844265390911
Sensitivity,0.7159763313609467,0.5502958579881657,0.5207100591715976,0.5502958579881657
Specificity,0.7633627400103788,0.8671510119356513,0.8313440581214323,0.8676699532952776
F1,0.32439678284182305,0.3590733590733591,0.3024054982817869,0.3597678916827853
