Metric,Balanced RF,Elastic LR,LightGBM,Logistic Reg.
PR-AUC,0.20227100636028356,0.2622183862665809,0.23555489649657727,0.26305174633167355
AUC,0.7962172552608064,0.8256694804138021,0.7889781768269654,0.8255620073511575
Sensitivity,0.727810650887574,0.39644970414201186,0.47928994082840237,0.40236686390532544
Specificity,0.7498702646600934,0.9237156201349248,0.8588479501816295,0.9242345614945511
F1,0.3178294573643411,0.34986945169712796,0.3103448275862069,0.35509138381201044
