Group,Model,AUC,PR_AUC,Brier,Recall,Specificity,Calibration_Intercept,Calibration_Slope,Threshold
direct,Logistic Reg.,0.8274119527664621,0.3167536009332775,0.0674887584603206,0.6829268292682927,0.7906976744186046,-0.6159956007863749,0.7661884532030162,0.12999999999999998
direct,Elastic LR,0.828391687722374,0.3190739273768818,0.06715466078014272,0.6585365853658537,0.813953488372093,-0.5889288497563957,0.7777573836662554,0.13999999999999999
predicted_only,Logistic Reg.,0.8397359872118806,0.2654833294479275,0.06732036616491333,0.6585365853658537,0.813953488372093,-0.32030093882640037,0.9175005587950419,0.12999999999999998
predicted_only,Elastic LR,0.8396328572165214,0.2651974946806477,0.06731774943117037,0.6585365853658537,0.8160676532769556,-0.321418685343537,0.9167483956670075,0.12999999999999998
predicted_plus_current,Logistic Reg.,0.8343732274532047,0.3112622937045608,0.06951777340533154,0.6097560975609756,0.8372093023255814,-0.7293566672536257,0.7343006271785895,0.17999999999999997
predicted_plus_current,Elastic LR,0.8347857474346414,0.3103276482366751,0.0690372883631823,0.6341463414634146,0.8033826638477801,-0.6962511089194531,0.7487719017344043,0.14999999999999997
