Metric,Balanced RF,Elastic LR,LightGBM,Logistic Reg.
PR-AUC,0.33061517351168357,0.24211647635387978,1.0,0.21233708609677382
AUC,0.8381117904091039,0.8052833757596042,1.0,0.7973487930775066
Sensitivity,0.7100591715976331,0.5798816568047337,1.0,0.6627218934911243
Specificity,0.7737415672029061,0.826673585884795,0.768033212247016,0.7690710949662688
F1,0.3310344827586207,0.3261231281198003,0.4305732484076433,0.3085399449035813
