Scenario,Intervals,Events,AUC,PR_AUC,Brier,Recall,Specificity
All_Windows,514,41,0.8509255917083485,0.3501424998328119,0.06303513094206555,0.6829268292682927,0.8224101479915433
Exclude_1M_3M,446,24,0.8623617693522907,0.38854530108100405,0.04344269293869203,0.5,0.8981042654028436
Exclude_12Mplus,249,35,0.7618157543391187,0.3727996266995116,0.10819589308915309,0.7714285714285715,0.6308411214953271
Only_3Mplus,446,24,0.8623617693522907,0.38854530108100405,0.04344269293869203,0.5,0.8981042654028436
