Metric,c2_interval_slope
PR-AUC,0.3215752851413565
AUC,0.843087712061053
Sensitivity,0.4878048780487805
Specificity,0.8604651162790697
F1,0.31496062992125984
