Metric,c2_interval_slope
PR-AUC,0.4029527469871128
AUC,0.8946763986083773
Sensitivity,0.6627218934911243
Specificity,0.8775298391281785
F1,0.4332688588007737
