Metric,c2_interval_slope
PR-AUC,0.22096216838297544
AUC,0.8029742402422136
Sensitivity,0.48520710059171596
Specificity,0.8713025428126622
F1,0.3286573146292585
