Variant,Family,AUC,PR_AUC,Brier,Recall,Specificity,Calibration_Intercept,Calibration_Slope,Threshold,Epochs,Aux_Target,Calibration_Mode,CV_PR_AUC,Best_Params
direct_anchor_Logistic_Reg.,direct_anchor,0.8415407621306656,0.33050692574763696,0.06445334818835405,0.5609756097560976,0.8414376321353065,-0.12023435104410532,1.0277517463793855,0.14999999999999997,,none,none,0.25368580480640657,"{'lr__solver': 'saga', 'lr__penalty': 'l1', 'lr__C': 0.1}"
direct_anchor_Elastic_LR,direct_anchor,0.8413345021399475,0.32901464781474815,0.06476462487828312,0.5609756097560976,0.8393234672304439,-0.19080856340518637,0.9886355985822544,0.14999999999999997,,none,none,0.25054100923053674,"{'lr__l1_ratio': 0.7, 'lr__C': 0.1}"
