Metric,c2_interval_slope_windowcal
PR-AUC,0.22827940337145483
AUC,0.7818941666692255
Sensitivity,0.7041420118343196
Specificity,0.7581733264141152
F1,0.3156498673740053
