Metric,c2_interval_slope_windowcal
PR-AUC,0.27531891377890194
AUC,0.8319029180471837
Sensitivity,0.6923076923076923
Specificity,0.8069538142189933
F1,0.3556231003039514
