Metric,Logistic Reg.
PR-AUC,0.2310583784903382
AUC,0.8130245069289419
Sensitivity,0.5798816568047337
Specificity,0.843798650752465
F1,0.34507042253521125
