Metric,c2_interval_slope_windowcal
PR-AUC,0.2602345237155223
AUC,0.8277729077502192
Sensitivity,0.7804878048780488
Specificity,0.7864693446088795
F1,0.367816091954023
