k,bic,silhouette
3,23057.411866329985,0.14119349486052268
4,21997.510536891787,0.09669070882505983
5,21834.208534072433,0.06718624690592497
