k,bic,silhouette
3,14837.645537899782,0.03328611818814257
4,12742.410666465556,0.053886406525329326
5,11858.447079805004,0.08817385161541902
