Metric,Balanced RF,Cox PH,Elastic LR,Logistic Reg.,MLP,Random Forest,SVM,Stacking
PR-AUC,0.23160179374727177,0.22712310778915792,0.230450913104305,0.2353598128766533,0.19002691317073536,0.22945454688502603,0.23296533850953402,0.19399576844500285
AUC,0.8107245833883494,0.7950703641494429,0.8092138191934607,0.813678557281607,0.7442970186972423,0.811209747499716,0.8143387489521378,0.7932648166970151
Sensitivity,0.591715976331361,0.8402366863905325,0.5739644970414202,0.5502958579881657,0.47337278106508873,0.5502958579881657,0.5502958579881657,0.514792899408284
Specificity,0.8183705241307733,0.6185781006746238,0.8256357031655422,0.8391281785158277,0.8188894654903995,0.8458744161909704,0.855215360664245,0.8391281785158277
F1,0.32310177705977383,0.27151051625239003,0.3222591362126246,0.32517482517482516,0.26755852842809363,0.33273703041144903,0.3438077634011091,0.30742049469964666
