Metric,Balanced RF,Cox PH,Elastic LR,Logistic Reg.,MLP,Random Forest,SVM
PR-AUC,0.2495090472939655,0.3117736995867141,0.3228276679642773,0.333887622324112,0.1834776408871835,0.25551619524563673,0.23376845498601279
AUC,0.8266900427989481,0.8386531222606095,0.8381890372814933,0.841386067137627,0.7368638168411281,0.8342700974578456,0.8343216624555252
Sensitivity,0.6341463414634146,0.926829268292683,0.6341463414634146,0.5853658536585366,0.7073170731707317,0.6341463414634146,0.6829268292682927
Specificity,0.8202959830866807,0.6236786469344608,0.8245243128964059,0.8393234672304439,0.6849894291754757,0.8625792811839323,0.8266384778012685
F1,0.34210526315789475,0.29571984435797666,0.3466666666666667,0.3404255319148936,0.2648401826484018,0.3939393939393939,0.3708609271523179
