Metric,Elastic LR
PR-AUC,0.3512269429351875
AUC,0.8487082968081268
Sensitivity,0.7073170731707317
Specificity,0.8033826638477801
F1,0.3558282208588957
