Metric,Elastic LR
PR-AUC,0.3485504437872648
AUC,0.8499458567524365
Sensitivity,0.6829268292682927
Specificity,0.8224101479915433
F1,0.3660130718954248
