Metric,Elastic LR
PR-AUC,0.22744164197088657
AUC,0.8108689043581863
Sensitivity,0.6153846153846154
Specificity,0.8116242864556306
F1,0.3270440251572327
