Metric,Elastic LR
PR-AUC,0.21765365885962698
AUC,0.7903599733466805
Sensitivity,0.514792899408284
Specificity,0.8427607680332122
F1,0.3112701252236136
