Metric,Elastic LR
PR-AUC,0.21831494633628754
AUC,0.7991389872352709
Sensitivity,0.5680473372781065
Specificity,0.8235599377270368
F1,0.31735537190082647
