Metric,Elastic LR
PR-AUC,0.20094731842305233
AUC,0.7749360535277264
Sensitivity,0.48520710059171596
Specificity,0.8583290088220031
F1,0.31297709923664124
