Metric,Elastic LR
PR-AUC,0.27047290402278734
AUC,0.8470582168823803
Sensitivity,0.7073170731707317
Specificity,0.8033826638477801
F1,0.3558282208588957
