Metric,Elastic LR
PR-AUC,0.22792019183709947
AUC,0.8124195871191999
Sensitivity,0.5562130177514792
Specificity,0.8417228853139596
F1,0.33098591549295775
