Metric,Elastic LR
PR-AUC,0.3000439576317764
AUC,0.830597888000786
Sensitivity,0.5443786982248521
Specificity,0.8661131292163985
F1,0.35452793834296725
