Metric,Elastic LR
PR-AUC,0.22574962332609583
AUC,0.8120418960704778
Sensitivity,0.5976331360946746
Specificity,0.8168137000518941
F1,0.32423756019261635
