Metric,Elastic LR
PR-AUC,0.346039789310443
AUC,0.8518537616665807
Sensitivity,0.7317073170731707
Specificity,0.8033826638477801
F1,0.36585365853658536
