{
  "mode": "all3_shape",
  "seed": 42,
  "min_k": 3,
  "max_k": 5,
  "min_cluster_ratio": 0.05,
  "selected_method": "kmeans",
  "selected_k": 5,
  "selected_silhouette": 0.1847739041641072,
  "selected_ch": 102.12162355628486,
  "selected_min_ratio": 0.06428571428571428,
  "stability": {
    "stability_ari_mean": 0.9154434664464483,
    "stability_ari_std": 0.051608233719569976,
    "stability_runs": 10
  },
  "plot_log_tsh": true,
  "prior_weight(all3)": 1.0
}