Metric,c2_interval_slope_ranked
PR-AUC,0.329514855542335
AUC,0.8507708967153096
Sensitivity,0.7317073170731707
Specificity,0.8033826638477801
F1,0.36585365853658536
