Metric,c2_interval_slope_ranked
PR-AUC,0.2239461241436735
AUC,0.8047859290125068
Sensitivity,0.650887573964497
Specificity,0.8131811105345096
F1,0.3442879499217527
