Metric,c2_interval_slope_ranked
PR-AUC,0.4383110171346132
AUC,0.9055526725480021
Sensitivity,0.7928994082840237
Specificity,0.8292682926829268
F1,0.4240506329113924
