Metric,Balanced RF,Elastic LR,Logistic Reg.,MLP,Random Forest,SVM
AUC,0.9027343750000001,0.8952148437499999,0.89794921875,0.8818359375,0.90439453125,0.88916015625
Sensitivity,0.875,0.825,0.8625,0.7375,0.8875,0.725
Specificity,0.78125,0.8125,0.8125,0.859375,0.7890625,0.90625
F1,0.7865168539325843,0.7764705882352941,0.7976878612716763,0.7515923566878981,0.797752808988764,0.7733333333333333
