Metric,Balanced RF,Elastic LR,Logistic Reg.,MLP,Random Forest,SVM
AUC,0.8448242187500001,0.8386718750000001,0.8384765625,0.79599609375,0.8490234375000001,0.83583984375
Sensitivity,0.6875,0.7625,0.7625,0.7375,0.8125,0.75
Specificity,0.8515625,0.8046875,0.78125,0.71875,0.75,0.8046875
F1,0.7142857142857143,0.7349397590361446,0.7218934911242604,0.6742857142857143,0.7344632768361582,0.7272727272727273
