Metric,Balanced RF,Elastic LR,Elastic+LGBM Blend,LightGBM,Logistic Reg.,MLP,Random Forest,SVM
AUC,0.9121045352388635,0.9043897308822683,0.9116291131216503,0.908452428974817,0.9046418486716994,0.8782379127528382,0.9159223189073935,0.8810148101192877
Accuracy,0.8465408805031447,0.8213836477987422,0.8515723270440252,0.8415094339622642,0.8226415094339623,0.8150943396226416,0.8427672955974843,0.8138364779874214
Sensitivity,0.8803088803088803,0.8301158301158301,0.7104247104247104,0.8108108108108109,0.8262548262548263,0.8571428571428571,0.8996138996138996,0.7876447876447876
Specificity,0.8302238805970149,0.8171641791044776,0.9197761194029851,0.8563432835820896,0.8208955223880597,0.7947761194029851,0.8152985074626866,0.8264925373134329
F1,0.7889273356401384,0.7517482517482518,0.757201646090535,0.7692307692307693,0.7521968365553603,0.751269035532995,0.7884940778341794,0.7338129496402878
