Metric,Balanced RF,Elastic LR,Elastic+LGBM Blend,Elastic+LGBM Blend Routed,LightGBM,Logistic Reg.,MLP,Random Forest,SVM
AUC,0.8460937500000001,0.8553710937500001,0.8569335937500001,0.8533203125,0.8501953125,0.8498046874999999,0.84345703125,0.84541015625,0.81396484375
Accuracy,0.7740384615384616,0.7692307692307693,0.8028846153846154,0.8125,0.7740384615384616,0.7932692307692307,0.7788461538461539,0.7740384615384616,0.7115384615384616
Sensitivity,0.8375,0.8,0.7375,0.7375,0.75,0.8,0.8125,0.775,0.8625
Specificity,0.734375,0.75,0.84375,0.859375,0.7890625,0.7890625,0.7578125,0.7734375,0.6171875
F1,0.7403314917127072,0.7272727272727273,0.7421383647798742,0.7515923566878981,0.718562874251497,0.7485380116959064,0.7386363636363636,0.7251461988304093,0.696969696969697
