Metric,Balanced RF,Elastic LR,Logistic Reg.,MLP,Random Forest,SVM
AUC,0.9128176684146834,0.9035901573215008,0.9075376015674524,0.8767756295741369,0.9151515588082753,0.8833270904166426
Sensitivity,0.8918918918918919,0.7992277992277992,0.8223938223938224,0.722007722007722,0.8957528957528957,0.7027027027027027
Specificity,0.8152985074626866,0.8432835820895522,0.8339552238805971,0.8824626865671642,0.8115671641791045,0.9011194029850746
F1,0.7843803056027164,0.7527272727272727,0.7593582887700535,0.7347740667976425,0.7837837837837838,0.7368421052631579
