Metric,Balanced RF,Elastic LR,Elastic+LGBM Blend,Elastic+LGBM Blend Routed,LightGBM,Logistic Reg.,MLP,Random Forest,SVM
AUC,0.8514738085633607,0.8495288999020343,0.8513657580821761,0.8422318907393536,0.8382988532242264,0.8514233850054745,0.838493344090359,0.8524534662594364,0.8351077623465682
Accuracy,0.7874213836477988,0.779874213836478,0.8062893081761007,0.8188679245283019,0.7823899371069183,0.789937106918239,0.7761006289308177,0.7911949685534592,0.740880503144654
Sensitivity,0.7760617760617761,0.7722007722007722,0.6795366795366795,0.6833976833976834,0.7258687258687259,0.749034749034749,0.7799227799227799,0.7374517374517374,0.803088803088803
Specificity,0.792910447761194,0.7835820895522388,0.8675373134328358,0.8843283582089553,0.8097014925373134,0.8097014925373134,0.7742537313432836,0.8171641791044776,0.710820895522388
F1,0.7040280210157618,0.6956521739130435,0.6956521739130435,0.7108433734939759,0.6848816029143898,0.6990990990990991,0.6941580756013745,0.6970802919708029,0.6688102893890675
