Metric,Balanced RF,Elastic LR,Logistic Reg.,MLP,Random Forest,SVM
AUC,0.8488301734570391,0.8493632224975508,0.8521653316429435,0.8313836224283985,0.8500115253846597,0.8394189765458424
Sensitivity,0.6640926640926641,0.6872586872586872,0.722007722007722,0.722007722007722,0.7992277992277992,0.6872586872586872
Specificity,0.8768656716417911,0.8432835820895522,0.8302238805970149,0.7835820895522388,0.7574626865671642,0.832089552238806
F1,0.6921529175050302,0.6833013435700576,0.6964618249534451,0.6654804270462633,0.6946308724832215,0.6755218216318786
Balanced Acc,0.7704791678672276,0.7652711346741197,0.7761158013023685,0.7527949057799804,0.7783452428974817,0.7596741197487467
