Metric,Balanced RF,Elastic LR,Elastic+LGBM Blend,LightGBM,Logistic Reg.,MLP,Random Forest,SVM
AUC,0.905859375,0.89453125,0.90107421875,0.9021484375000001,0.8923828125,0.8875,0.910546875,0.8634765624999999
Accuracy,0.8413461538461539,0.8461538461538461,0.7932692307692307,0.8365384615384616,0.8461538461538461,0.8125,0.8365384615384616,0.8125
Sensitivity,0.8625,0.85,0.6375,0.8375,0.8375,0.8625,0.8875,0.8125
Specificity,0.828125,0.84375,0.890625,0.8359375,0.8515625,0.78125,0.8046875,0.8125
F1,0.8070175438596491,0.8095238095238095,0.7034482758620689,0.7976190476190477,0.8072289156626506,0.7796610169491526,0.8068181818181818,0.7692307692307693
