Split,AUC,PR_AUC
Fit,0.8932417582417582,0.39218074291653804
Validation,0.868623450007848,0.37213450836726075
TemporalTest,0.7941009642654566,0.34915087243519427
