Feature,MeanAbsSHAP,MeanSHAP
Teacher_Logit,0.029717369844421686,0.010214595465717922
Gate_Static,0.01690563782676836,0.006783730701839233
Gate_Local,0.01690563244202915,0.006783728606310107
Landmark_Signal,0.011353847202528597,0.00330382731135359
