Metric,Elastic LR,LightGBM,Logistic Reg.
PR-AUC,0.2131362237687223,0.1973909088640056,0.21318705798801085
AUC,0.7978308865299405,0.7800487006506727,0.7975038613536078
Sensitivity,0.6449704142011834,0.48520710059171596,0.650887573964497
Specificity,0.7825635703165542,0.8463933575505967,0.7830825116761806
F1,0.3127690100430416,0.29981718464351004,0.31563845050215206
