Metric,Elastic LR,LightGBM,Logistic Reg.
PR-AUC,0.24793289892196804,0.2317037931958727,0.26876811596402955
AUC,0.8258650028360748,0.7961635641726397,0.8343732274532047
Sensitivity,0.6585365853658537,0.8048780487804879,0.8048780487804879
Specificity,0.7970401691331924,0.678646934460888,0.758985200845666
F1,0.32926829268292684,0.2920353982300885,0.35106382978723405
