Metric,Elastic LR,LightGBM,Logistic Reg.
PR-AUC,0.2635174532030039,0.23211983480233747,0.2666986652352116
AUC,0.8254524828546382,0.7938431392770586,0.8259165678337544
Sensitivity,0.7804878048780488,0.5365853658536586,0.7317073170731707
Specificity,0.7758985200845666,0.813953488372093,0.7906976744186046
F1,0.3575418994413408,0.2913907284768212,0.35294117647058826
