Metric,Elastic LR,LightGBM,Logistic Reg.
PR-AUC,0.30635421335578383,0.28945774230157434,0.30789111826086096
AUC,0.8374155623162998,0.8125612334347445,0.8378280822977363
Sensitivity,0.8292682926829268,0.6097560975609756,0.8048780487804879
Specificity,0.7357293868921776,0.8202959830866807,0.7293868921775899
F1,0.34,0.33112582781456956,0.32673267326732675
