Metric,Elastic LR,LightGBM,Logistic Reg.
PR-AUC,0.20082463640790799,0.21204552800554158,0.19933596043892146
AUC,0.7806413378246838,0.764446682613622,0.7823394122144672
Sensitivity,0.5088757396449705,0.6272189349112426,0.5384615384615384
Specificity,0.8391281785158277,0.7436429683445771,0.8214841722885314
F1,0.30442477876106194,0.2756827048114434,0.30132450331125826
