Metric,Elastic LR,LightGBM,Logistic Reg.
PR-AUC,0.22641056808872717,0.19892567618867002,0.22680346419125344
AUC,0.8088453401215367,0.7683894086832094,0.8092199605113262
Sensitivity,0.7514792899408284,0.47337278106508873,0.7633136094674556
Specificity,0.7389724961079398,0.832381940840685,0.7343020238713025
F1,0.31789737171464333,0.27972027972027974,0.31851851851851853
