Branch,Mode,Best_Model,AUC,PR_AUC,C_Index,Brier,Recall,Specificity,Calibration_Intercept,Calibration_Slope,Threshold
BranchA,direct_compact,Logistic Reg.,0.8259165678337544,0.2666986652352116,0.738567883729174,0.0646518404559126,0.7317073170731707,0.7906976744186046,0.49417542390631,1.2807224020846746,0.11999999999999998
BranchA,predicted_only_compact,Logistic Reg.,0.8343732274532047,0.26876811596402955,0.7454803261254874,0.06895931131485214,0.8048780487804879,0.758985200845666,6.413608673243834,3.9333081021118783,0.09999999999999999
BranchA,predicted_plus_current_compact,Logistic Reg.,0.8378280822977363,0.30789111826086096,0.7383906416164481,0.06389836471604501,0.8048780487804879,0.7293868921775899,0.289053800735318,1.2230225845045328,0.09999999999999999
